"id","pH","alcohol"
1,2.999069,8.800096
2,3.300928,9.499615
3,3.258771,10.099157
4,3.189202,9.89871
5,3.180881,9.598667
6,3.219069,11.001029
7,2.990463,11.999947
8,3.138831,9.698809
9,3.179699,10.800173
10,3.541852,12.399118
11,2.978922,9.699805
12,3.250218,11.40008
13,3.238891,9.601063
14,3.329323,12.800521
15,3.120501,11.300129
16,3.221862,9.499437
17,3.169916,10.998833
18,3.471273,10.501067
19,3.051232,9.300881
20,3.421301,10.000181
21,3.248288,10.3989
22,3.450018,9.999969
23,3.379142,10.499208
24,3.190097,11.598972
25,3.101299,12.301024
26,3.199785,9.998873
27,3.468156,10.200198
28,3.188442,10.800478
29,3.421454,9.001355
30,3.370553,10.200394
31,3.188298,12.799574
32,3.238346,10.001282
33,3.130097,11.201047
34,3.209496,8.599402
35,3.109015,9.399432
36,3.0998,9.399999
37,3.131552,9.799386
38,3.241104,9.498617
39,3.160164,10.000531
40,3.270948,9.799339
41,3.251618,9.799237
42,3.358133,9.798823
43,3.350326,11.701365
44,3.341291,10.998613
45,3.321555,10.899028
46,3.31032,10.900739
47,3.051735,9.099479
48,3.128145,10.999906
49,3.091831,9.599812
50,3.299511,8.900729
51,3.111169,10.20051
52,3.360438,9.901357
53,3.030878,8.600767
54,3.02177,10.501063
55,3.148912,10.300079
56,3.219414,9.100066
57,3.219207,12.601144
58,3.141614,9.799054
59,3.328882,10.701134
60,3.131761,9.499774
61,3.101332,8.998655
62,3.320985,9.49899
63,3.691057,9.999077
64,2.95004,9.101326
65,3.261743,12.700271
66,3.310732,12.000512
67,2.94124,9.30058
68,3.268732,8.999693
69,3.389695,10.600307
70,3.208539,9.19983
71,3.171158,9.999136
72,3.32866,9.500978
73,3.109137,8.700808
74,3.119406,8.700957
75,3.088918,8.70014
76,3.220227,9.699645
77,3.119488,9.000624
78,3.259202,12.600424
79,3.25179,12.599191
80,3.209989,11.501182
81,3.038389,9.200157
82,3.139074,8.800034
83,2.951338,11.399688
84,2.88925,10.101235
85,2.999787,9.101319
86,3.401603,9.400622
87,3.338706,9.399282
88,2.988525,9.000179
89,3.198524,9.199238
90,3.158465,9.099943
91,3.270584,10.300624
92,2.888117,8.798612
93,3.040654,8.900717
94,3.008992,9.199127
95,3.629597,9.699031
96,3.310796,11.301323
97,3.188145,11.799458
98,3.219632,10.201281
99,3.011472,8.799893
100,3.290608,9.698865
101,3.291345,9.101317
102,3.211639,9.79937
103,3.268939,11.000124
104,3.141557,10.499406
105,3.448506,9.700473
106,3.301682,10.901296
107,3.229331,8.999121
108,3.241392,9.200345
109,3.189444,8.900142
110,3.258801,9.598993
111,3.120863,10.699232
112,3.160488,8.699122
113,3.150071,10.799587
114,3.228501,11.799463
115,3.298967,10.201203
116,3.210157,10.798723
117,3.178782,9.700208
118,3.11898,11.200039
119,3.001715,10.901028
120,3.280894,10.09882
121,3.380011,9.000803
122,3.381676,12.001122
123,2.988513,9.399764
124,3.120169,11.499398
125,3.140003,9.899365
126,3.139951,10.399871
127,3.059406,9.698899
128,2.890123,8.900849
129,3.289627,12.399746
130,3.35905,12.099948
131,2.980876,9.099559
132,3.278766,10.600809
133,3.150933,9.500046
134,3.15864,9.800588
135,3.139301,9.599399
136,3.079169,12.600903
137,3.0806,9.299563
138,2.869224,10.00117
139,3.119283,12.699527
140,3.031506,11.399047
141,3.348012,11.499563
142,3.089571,10.19884
143,3.110098,11.400079
144,3.028835,12.599968
145,3.280356,9.400309
146,3.190578,9.199428
147,3.189257,9.300885
148,3.090584,9.20065
149,2.929215,8.699794
150,3.020134,9.299328
151,3.119012,9.900819
152,3.150073,10.999525
153,3.09004,8.89936
154,3.018566,11.399579
155,3.360697,9.601124
156,3.020647,9.0988
157,3.011047,9.09907
158,3.130971,8.899078
159,3.098343,8.801279
160,3.151437,9.299234
161,3.201588,9.600794
162,3.329617,11.998609
163,3.281688,10.200621
164,3.149805,8.800009
165,2.988506,9.900103
166,3.319845,10.200814
167,3.308844,10.499238
168,3.318618,11.200099
169,3.441221,9.698603
170,3.298079,11.100489
171,3.311939,9.399421
172,3.029677,10.998672
173,3.040764,11.000544
174,3.420893,9.098774
175,3.388625,10.398903
176,3.321521,8.700511
177,3.498978,9.698906
178,3.168466,9.101232
179,3.370419,8.89933
180,3.339826,9.600718
181,3.308805,9.501278
182,3.090944,9.001191
183,3.270613,9.599203
184,3.338201,11.098847
185,3.478748,9.599329
186,3.201426,8.700334
187,3.131743,10.401226
188,3.151203,11.398722
189,3.298517,9.701085
190,3.138937,8.698998
191,3.370147,11.30047
192,3.158789,12.599861
193,3.251334,10.900638
194,3.379745,9.998843
195,3.718702,10.0005
196,3.020886,9.798715
197,3.529831,11.699171
198,3.20856,9.299645
199,3.318163,9.600128
200,3.318537,11.800134
201,3.278927,11.399121
202,2.928763,8.900977
203,3.170392,10.200678
204,3.079247,9.600274
205,3.101108,10.598939
206,3.249296,9.201075
207,3.341893,9.699667
208,3.331127,9.698725
209,3.289635,9.300956
210,3.241251,8.99935
211,3.051093,9.499008
212,2.889555,10.599338
213,3.048181,10.601111
214,3.261017,12.400199
215,3.188078,12.599074
216,3.30166,12.299491
217,3.078908,10.499394
218,3.121924,8.799933
219,3.078647,8.799956
220,2.979767,9.000578
221,3.521411,10.500943
222,2.960333,9.098755
223,3.440462,9.798709
224,3.230787,8.500847
225,3.370182,9.399084
226,3.091595,9.39946
227,3.189637,11.200591
228,3.271398,10.799445
229,3.129893,10.499967
230,3.320495,11.09914
231,3.199044,9.89932
232,3.20048,10.400546
233,3.209539,10.401337
234,3.400386,11.499843
235,3.530227,12.50006
236,3.359241,10.00079
237,3.289778,10.001309
238,3.088821,9.100848
239,3.209313,10.599189
240,3.191199,10.500996
241,3.518691,11.499627
242,3.539802,10.100614
243,3.610363,10.299391
244,3.158303,10.399611
245,3.18166,10.498812
246,2.95975,9.99918
247,3.189827,9.999081
248,3.229591,9.59909
249,3.168015,10.399745
250,3.361896,12.499016
251,3.198024,10.598673
252,3.281729,11.800896
253,3.108552,9.800262
254,3.25062,10.801113
255,3.281546,9.299328
256,3.450085,10.400001
257,3.431398,10.198605
258,3.19142,8.998741
259,3.180258,9.100268
260,3.280835,9.601034
261,3.360686,11.200892
262,3.201135,8.7991
263,3.149826,10.000546
264,3.271598,11.400619
265,3.029339,11.899586
266,3.248346,9.599048
267,2.890565,8.999856
268,3.000524,10.399856
269,3.149944,8.899693
270,3.401903,9.701215
271,3.489605,11.400062
272,3.398095,12.300197
273,3.489637,10.800015
274,3.11928,9.399013
275,3.169999,10.599322
276,3.16913,11.599389
277,3.338998,9.999712
278,3.098804,9.19861
279,3.511455,12.498985
280,3.3199,10.400198
281,3.218704,9.998921
282,3.121458,9.200327
283,3.381385,11.298818
284,3.480671,10.80073
285,3.121224,10.099321
286,3.391307,9.699726
287,3.178538,9.299107
288,3.358809,10.200036
289,3.080959,12.199853
290,3.18861,8.798835
291,3.178175,9.999189
292,3.091393,11.399561
293,3.460193,11.399889
294,3.351991,9.401327
295,3.298906,11.69935
296,3.230632,9.19967
297,3.068747,8.699224
298,3.241901,12.599224
299,3.390541,12.799523
300,3.17098,9.400514
301,3.258128,10.30011
302,2.971199,8.998868
303,3.301448,9.5992
304,3.158952,10.499444
305,3.188165,9.80118
306,3.161773,12.698631
307,3.340377,10.499725
308,3.059982,9.099785
309,3.098567,9.298998
310,3.181597,9.898834
311,3.071665,9.200246
312,3.350432,12.099225
313,3.378792,12.200126
314,3.349459,12.401093
315,3.258427,9.199827
316,3.289392,11.60103
317,3.298966,10.400863
318,3.429166,12.899283
319,3.261484,9.300428
320,3.198874,11.000832
321,3.241562,11.500815
322,3.529109,12.399385
323,3.481297,10.500221
324,3.031601,9.09963
325,3.241408,10.099184
326,3.461821,10.599778
327,3.408626,10.499728
328,3.301493,12.899546
329,2.94852,9.499222
330,3.291941,9.799429
331,3.368642,8.49914
332,3.220613,9.299089
333,3.351399,9.501047
334,2.950173,8.899945
335,3.220475,9.399366
336,3.001249,9.298892
337,3.138187,10.000524
338,3.249577,12.500377
339,3.240151,9.400721
340,3.028017,9.498812
341,2.991587,12.399137
342,3.111755,10.498606
343,2.97137,9.198645
344,3.221442,9.20056
345,3.329624,10.599136
346,3.340912,9.500648
347,3.290049,9.598652
348,3.471533,9.699132
349,3.46154,9.700206
350,3.101838,10.699788
351,3.089023,12.098871
352,3.251183,12.700423
353,3.201107,11.399818
354,3.371093,10.700309
355,3.329106,12.500086
356,3.081007,8.600504
357,3.288473,12.499798
358,3.270244,9.999422
359,3.079772,9.498872
360,3.118126,9.600123
361,3.061786,8.900074
362,3.638114,10.001028
363,3.439407,11.999993
364,3.211392,10.001245
365,3.108717,12.10118
366,3.158552,11.000219
367,3.208974,11.200818
368,3.168039,10.299398
369,3.368942,10.401106
370,3.079991,9.099802
371,3.430666,10.801334
372,3.188931,11.700912
373,3.04833,9.799001
374,3.031593,11.199977
375,3.368048,11.400136
376,3.039242,12.499875
377,3.359308,12.600206
378,3.43944,12.200283
379,3.560694,11.200103
380,3.429335,9.700309
381,3.058068,9.299999
382,3.008825,8.999288
383,3.309621,10.399135
384,3.370316,9.499861
385,3.340391,9.901205
386,3.218653,9.900313
387,3.208418,9.001027
388,3.490816,9.999343
389,3.489027,9.700406
390,3.298538,11.800324
391,3.488451,10.199271
392,3.070831,9.599801
393,2.928239,11.300262
394,3.001128,12.100431
395,2.98051,9.399315
396,3.25156,9.501319
397,3.009575,12.30075
398,3.080496,10.400813
399,3.198749,9.099603
400,3.118827,9.999145
401,3.129596,11.499829
402,3.081946,9.798841
403,3.190012,9.400663
404,3.048319,8.69984
405,3.321367,11.600428
406,3.038844,8.800745
407,3.170158,11.699763
408,3.130259,10.201139
409,3.149175,12.700545
410,3.381437,12.299063
411,3.128026,10.100454
412,2.861441,9.701148
413,3.419331,10.099032
414,3.468534,10.800984
415,3.418665,10.799186
416,3.191547,9.501145
417,2.939724,9.099582
418,3.2004,9.400574
419,2.971469,10.798631
420,3.448044,10.500452
421,3.171062,10.798778
422,3.349762,10.498832
423,3.078339,11.500192
424,2.880265,10.80049
425,2.989802,9.800497
426,3.428303,9.601314
427,3.48078,10.698994
428,3.250438,12.399091
429,3.089325,11.09921
430,2.98904,8.799214
431,2.998265,8.699056
432,3.208584,11.698928
433,3.231109,10.898788
434,3.231913,10.799702
435,3.178394,8.99925
436,2.848843,9.000102
437,3.360809,10.401053
438,3.229842,11.399489
439,3.328724,10.999034
440,3.321777,9.099765
441,3.229892,9.401212
442,3.219604,8.801172
443,3.261463,10.700955
444,3.429319,10.899119
445,3.408735,10.799774
446,3.298864,10.298854
447,3.250568,8.999975
448,3.091301,9.499524
449,3.161262,9.001009
450,3.06838,9.099677
451,3.330042,11.400127
452,3.108724,12.199356
453,3.041939,11.300912
454,3.248993,10.200824
455,3.240258,11.299636
456,3.14914,9.400288
457,3.369796,12.199678
458,3.399616,9.199193
459,3.350657,9.598957
460,3.280346,9.499442
461,3.350042,12.500243
462,3.348314,9.998958
463,3.141241,9.300279
464,3.381719,12.500729
465,3.359107,10.5986
466,3.079538,9.400531
467,3.189493,9.099439
468,3.419214,11.800918
469,3.300555,10.699681
470,3.079394,8.999315
471,3.140602,9.100999
472,3.261365,10.798828
473,3.310951,10.100166
474,3.168146,9.900126
475,3.171586,9.800322
476,3.1587,9.499301
477,3.231001,9.50107
478,3.231309,11.099991
479,3.058903,9.499898
480,3.061186,9.399717
481,3.410719,13.901177
482,3.221141,10.099496
483,3.118059,10.499141
484,3.420654,12.600209
485,2.890818,10.898876
486,3.108426,9.998654
487,3.138577,9.198705
488,3.321255,9.999543
489,3.489182,10.498718
490,3.058249,9.199444
491,3.449048,10.200601
492,3.019877,8.899235
493,3.500924,10.401327
494,3.368206,11.700504
495,3.139032,10.899551
496,3.150975,10.199332
497,3.349784,10.399598
498,3.009369,11.09957
499,3.280039,9.199452
500,3.308635,12.59927
501,3.438938,10.998733
502,3.331762,9.400173
503,3.259807,12.20052
504,3.220885,10.499074
505,3.041812,11.500856
506,3.299318,9.8006
507,3.04006,11.399306
508,3.158506,9.400463
509,3.251185,12.200002
510,3.419748,9.499737
511,3.39918,9.30013
512,2.939931,10.999986
513,3.079332,9.199134
514,3.210937,10.899222
515,3.419829,9.300944
516,3.411188,9.799762
517,3.120083,9.300063
518,3.238935,12.098954
519,3.020288,11.000377
520,3.28026,8.80059
521,3.368908,11.200828
522,3.271204,9.299909
523,3.270261,9.200146
524,3.459626,9.9994
525,3.388938,10.898682
526,3.101584,10.00079
527,3.029326,9.299649
528,3.018466,9.199632
529,3.419314,9.399233
530,3.07103,9.300349
531,3.218892,9.799695
532,3.171976,9.599141
533,3.16021,9.60129
534,3.14893,9.00013
535,3.168805,9.499038
536,3.378061,9.49903
537,3.030834,10.499827
538,3.15926,11.699214
539,3.411258,12.399948
540,2.959205,9.199562
541,3.300085,9.400614
542,3.260489,9.799325
543,3.330895,10.199275
544,3.281854,12.499572
545,3.159953,10.900453
546,3.720452,10.500001
547,3.049084,11.499986
548,3.360448,12.798635
549,3.178153,12.200933
550,3.138153,12.800534
551,3.251843,11.901262
552,3.161638,12.001369
553,3.298523,10.998787
554,3.07866,10.800071
555,3.309642,11.499962
556,3.270644,9.500555
557,3.058051,8.600524
558,3.488888,10.300662
559,3.178821,9.399492
560,3.218575,10.399056
561,3.349164,9.899091
562,3.121295,12.500511
563,3.238175,8.498793
564,3.280759,8.99869
565,3.191122,10.099125
566,3.040459,9.400386
567,3.058431,10.70097
568,2.891711,9.60083
569,3.351804,10.100135
570,3.278399,12.701357
571,3.191294,10.198997
572,3.228506,8.90025
573,3.409439,11.898758
574,3.351928,9.799602
575,3.398669,12.201035
576,3.190974,11.399874
577,3.371894,11.001081
578,3.301856,9.901093
579,3.421161,11.000722
580,3.581501,9.399334
581,3.120701,12.201169
582,3.229068,10.30082
583,3.051671,10.899052
584,3.321746,10.999635
585,3.24825,9.699985
586,3.081532,8.898793
587,3.021368,8.798916
588,3.058366,11.098771
589,3.08032,10.29886
590,3.278306,12.200963
591,3.318971,9.799551
592,3.150563,9.900814
593,3.358489,9.199803
594,3.361864,10.299038
595,2.930832,10.999173
596,3.059627,11.900292
597,2.940268,10.199404
598,3.550611,9.40046
599,3.451575,10.700497
600,3.281405,9.80061
601,3.359704,9.300563
602,3.021731,9.500886
603,3.578114,10.000868
604,3.140979,11.901063
605,3.119235,8.899438
606,3.081721,11.400576
607,3.059375,9.59923
608,3.53822,10.000579
609,3.138831,12.199585
610,3.281054,8.700996
611,3.518932,10.199446
612,2.959935,9.601254
613,3.360044,9.499275
614,3.18005,11.500365
615,3.228904,10.099387
616,2.988351,10.000011
617,3.071909,9.500953
618,3.389261,10.199435
619,3.031486,9.001289
620,3.128801,12.300554
621,3.370572,11.599493
622,3.151448,11.4995
623,3.129011,9.600608
624,3.340727,12.000685
625,3.319907,12.599634
626,3.321331,11.699548
627,3.510752,10.298699
628,3.251624,8.598847
629,3.390177,10.700852
630,3.121186,9.801056
631,3.499815,12.50115
632,3.439692,10.799445
633,3.4219,10.500471
634,3.121387,10.300659
635,3.061055,11.999743
636,2.949158,10.201126
637,3.139712,10.198858
638,3.37827,10.10051
639,3.051054,10.501093
640,3.288057,10.399651
641,3.051297,9.20036
642,3.050781,10.098837
643,3.148957,9.800746
644,3.339146,11.300468
645,3.319692,9.300284
646,3.371671,10.298929
647,3.109247,10.301009
648,3.241629,11.200539
649,3.658691,8.900537
650,3.030682,10.200206
651,2.980781,9.200627
652,2.950149,10.500683
653,3.211384,9.500913
654,3.249803,11.09882
655,3.51081,12.000923
656,3.379082,9.700194
657,3.41121,10.399078
658,2.871068,9.099792
659,3.160748,10.199036
660,3.538674,10.700926
661,3.209346,9.700647
662,3.368893,9.299242
663,3.048893,11.000892
664,3.219341,10.798737
665,3.010093,10.70079
666,3.240134,10.699701
667,2.948965,8.801282
668,3.07027,10.400098
669,3.031071,9.200009
670,2.990219,11.300207
671,3.508678,10.699307
672,3.411973,8.998757
673,3.299233,8.69981
674,3.091011,11.600727
675,3.370491,10.901061
676,3.098052,11.101138
677,2.959977,12.599785
678,3.350032,11.000239
679,2.999496,11.300421
680,2.958739,10.900726
681,2.969492,10.899915
682,3.170731,9.300385
683,3.219512,12.699601
684,3.369219,10.100174
685,3.490013,9.79918
686,3.291866,10.099747
687,3.430739,8.999202
688,3.358506,10.100489
689,3.548478,11.201172
690,3.17196,11.200498
691,3.188461,10.601362
692,3.008804,9.300664
693,3.050106,8.899009
694,3.419916,10.599597
695,3.089136,8.799576
696,3.589607,10.998965
697,3.38927,13.999169
698,3.270509,11.800273
699,3.439957,11.4004
700,3.510591,11.501146
701,3.30042,12.601166
702,3.211675,12.598667
703,3.038884,9.301341
704,3.05949,12.100891
705,3.521216,9.899175
706,3.280489,10.701098
707,3.259332,9.999305
708,3.28955,10.49937
709,3.308699,9.699218
710,3.540074,9.199547
711,3.170114,10.101286
712,3.350081,11.399728
713,2.930626,10.80071
714,3.118234,12.899032
715,3.2282,12.000818
716,3.060085,11.801016
717,3.20167,9.699197
718,3.441006,9.499633
719,3.420524,11.69952
720,3.141842,9.501223
721,2.991576,11.498915
722,3.139941,10.598775
723,3.248068,10.498967
724,3.259889,10.500025
725,3.140561,8.899056
726,3.03072,10.599751
727,3.19857,10.800901
728,3.501133,10.600014
729,3.468147,8.998656
730,3.270396,9.401212
731,3.518263,10.401229
732,3.219844,10.600176
733,3.209674,10.999873
734,3.379758,9.900064
735,3.00808,12.800982
736,3.419064,11.401342
737,3.408022,10.000947
738,3.358185,9.398632
739,3.46002,10.199677
740,3.181127,12.800226
741,3.090428,9.29884
742,3.128925,9.900883
743,3.10091,9.601125
744,3.160696,10.701047
745,3.359808,9.101193
746,3.331552,9.599001
747,2.998493,10.69951
748,3.2988,10.801049
749,2.938143,8.801089
750,3.420021,11.499215
751,3.230569,12.499954
752,2.961334,10.499953
753,3.2308,11.299285
754,2.73981,10.80061
755,3.039881,11.699505
756,2.938774,9.199661
757,3.018018,11.099636
758,3.25991,12.299507
759,3.138443,12.69877
760,3.099125,10.499074
761,3.200246,12.401249
762,3.060855,8.699252
763,3.170536,12.400508
764,3.379723,10.999533
765,3.171817,10.901026
766,3.068781,13.499717
767,3.19062,9.700692
768,3.450136,9.199505
769,3.398935,10.59928
770,2.981658,13.299566
771,2.920679,9.398774
772,3.178073,10.599579
773,3.249077,11.298859
774,3.321155,10.799194
775,3.151895,10.401138
776,3.820819,10.500472
777,3.130537,9.29905
778,3.290824,12.199387
779,3.809297,10.301017
780,3.319885,9.400023
781,2.921621,9.498665
782,3.460893,9.900421
783,3.458085,11.098863
784,2.990762,12.299269
785,3.071992,9.399154
786,3.328567,10.799828
787,3.018073,12.500291
788,2.991953,12.100173
789,3.018678,8.699109
790,3.070522,12.700803
791,3.059051,11.400933
792,3.020203,12.898932
793,3.149037,12.798974
794,3.381389,11.2
795,3.03991,9.700371
796,3.499323,10.301347
797,3.000539,11.60139
798,3.299232,12.400076
799,2.95945,11.501102
800,2.928016,10.19974
801,3.220557,11.399078
802,3.048514,10.300906
803,2.949827,9.300949
804,3.130595,12.801266
805,2.979212,9.501289
806,3.018702,10.400908
807,3.020814,10.299589
808,3.2318,10.700062
809,2.940664,10.500509
810,3.04028,11.201267
811,3.541845,10.299033
812,3.031944,8.799973
813,3.038129,12.801332
814,3.229684,13.198947
815,3.199317,12.800762
816,2.850176,9.500371
817,3.401012,8.800123
818,3.088623,12.601322
819,3.208456,12.40007
820,3.649754,10.099287
821,3.258169,11.200146
822,2.990404,10.800617
823,3.039498,10.400648
824,3.508323,9.800465
825,3.388456,12.699506
826,3.208451,12.200998
827,3.148155,11.90132
828,2.960966,10.401187
829,3.288047,12.800886
830,2.919082,11.400334
831,3.318138,8.900281
832,3.278924,11.999967
833,3.361563,10.800667
834,3.590368,10.600326
835,3.188107,11.299398
836,3.329229,10.100706
837,2.900696,9.301202
838,3.098372,12.000266
839,2.869613,9.499749
840,3.141912,12.400067
841,3.280946,11.200342
842,3.158686,11.399551
843,3.349839,11.098806
844,3.100269,10.398992
845,3.540568,12.298665
846,3.121729,9.100051
847,3.238814,10.499478
848,3.771899,9.499184
849,3.418659,13.69921
850,3.281898,13.400846
851,3.198699,11.298966
852,3.061131,10.001137
853,3.491461,10.100889
854,3.310207,9.299688
855,3.089123,12.301051
856,3.191963,11.499395
857,3.338243,10.899027
858,2.898264,11.600136
859,3.008286,10.501214
860,2.911822,11.401317
861,3.30822,11.601155
862,3.251112,12.29886
863,3.140286,10.800028
864,3.291922,11.30108
865,3.070735,10.800164
866,3.101842,10.100083
867,3.271692,11.59988
868,3.05119,12.699773
869,3.129373,11.300887
870,2.998354,10.100001
871,3.100016,12.098672
872,3.069772,12.200245
873,2.990311,9.199184
874,3.158789,8.90047
875,3.240781,12.201024
876,3.140203,11.301373
877,3.229076,11.200718
878,3.200402,11.500173
879,3.138245,11.80085
880,3.001421,9.199042
881,3.308443,12.200897
882,3.239043,10.599736
883,3.279773,12.399221
884,3.559634,10.799983
885,3.059968,10.999891
886,2.989193,9.500058
887,3.221494,10.700233
888,3.051758,10.800893
889,3.320877,10.70019
890,3.618165,10.400057
891,2.981883,10.600125
892,3.180051,9.49979
893,2.988668,9.299142
894,3.54829,10.2993
895,3.131993,12.100471
896,3.160954,12.500181
897,3.221126,12.99951
898,2.988986,10.999089
899,3.131585,9.198779
900,3.271315,12.598643
901,3.040911,9.79953
902,3.099269,10.999189
903,3.549856,9.799678
904,3.229108,10.000175
905,3.020729,11.199999
906,3.008318,11.201299
907,3.02147,10.599364
908,3.040782,12.000216
909,3.249348,10.999072
910,3.040322,8.698757
911,3.148671,11.100598
912,3.099,11.198647
913,3.1393,11.100048
914,3.241805,10.801227
915,3.030743,10.298971
916,2.910558,9.898793
917,3.129832,9.999429
918,3.228955,10.599078
919,3.340112,12.800402
920,3.42978,10.998916
921,3.291989,11.199887
922,3.151796,10.099145
923,3.300203,12.199796
924,3.140044,10.098977
925,3.331834,9.900853
926,3.520835,9.699205
927,3.211174,9.899601
928,3.160842,10.299348
929,2.879258,10.501248
930,3.631218,10.499332
931,3.30807,10.600348
932,3.581669,10.101109
933,3.218834,8.999997
934,2.940565,11.49933
935,3.34908,11.200123
936,3.081248,12.298804
937,3.340385,10.401257
938,3.128079,10.700056
939,2.949683,9.398781
940,3.270686,9.901288
941,3.079161,10.700468
942,3.320814,13.501131
943,3.369492,12.899864
944,3.070005,12.501013
945,2.97857,8.60017
946,3.090904,10.000776
947,3.028093,11.301381
948,3.261405,10.598678
949,3.400244,10.699492
950,3.139412,8.501202
951,3.408238,11.299203
952,3.129503,9.400462
953,3.089591,10.500469
954,3.308891,10.198909
955,2.940069,9.599297
956,3.411187,12.201351
957,3.258456,10.198759
958,3.131108,9.701104
959,3.26851,10.101369
960,3.169112,10.499988
961,3.051975,12.098817
962,3.400216,10.200634
963,3.651173,9.398811
964,3.080964,12.799387
965,3.241441,10.900762
966,3.108128,8.998806
967,3.261977,11.299351
968,3.158517,9.301388
969,2.918525,10.800425
970,3.408974,11.499978
971,2.949414,11.80066
972,3.199838,9.800575
973,3.40116,11.398778
974,3.199289,9.299573
975,3.170787,8.898802
976,3.110989,11.100845
977,3.738845,11.901326
978,3.111441,9.700059
979,3.371689,9.200279
980,3.07873,9.998812
981,3.31917,12.199847
982,3.381382,11.599708
983,3.440237,10.19907
984,3.140646,10.299269
985,3.410004,9.900833
986,3.44855,9.598738
987,3.298132,10.099221
988,3.320203,11.498691
989,3.098575,9.898661
990,3.378136,9.399092
991,3.460562,10.799465
992,3.500561,10.899086
993,3.23896,11.999694
994,3.480663,9.999439
995,2.94189,10.400092
996,2.988342,11.100343
997,3.38878,9.601132
998,3.290582,12.000921
999,3.181016,12.900226
1000,3.230666,9.30082
1001,3.101633,9.09979
1002,3.161194,8.598825
1003,3.28124,10.900975
1004,3.200042,10.20033
1005,3.378133,11.399803
1006,3.420626,10.200925
1007,3.310695,11.099825
1008,3.171239,8.80076
1009,2.801529,10.598714
1010,3.461104,11.00019
1011,3.400837,9.599102
1012,3.280828,8.899098
1013,3.159862,12.200367
1014,3.041186,10.901393
1015,3.161767,10.800802
1016,3.559678,9.800466
1017,3.241144,9.7998
1018,3.048374,11.401133
1019,3.331234,11.600542
1020,3.07178,11.800941
1021,3.329772,12.101309
1022,3.079398,12.099678
1023,3.148388,9.099303
1024,3.27092,9.100537
1025,3.19026,11.999317
1026,3.270836,11.300912
1027,3.389651,9.900824
1028,3.2906,12.598737
1029,3.188092,11.100807
1030,2.999732,12.800292
1031,3.090456,12.001081
1032,3.361425,12.001061
1033,3.188811,12.99997
1034,3.069511,10.899114
1035,3.42122,10.400996
1036,3.130424,12.000667
1037,3.600396,10.600826
1038,3.440423,9.298988
1039,3.331505,11.200329
1040,3.288217,12.30111
1041,3.069736,8.999996
1042,3.60067,10.401182
1043,3.2805,10.300163
1044,3.319605,10.501122
1045,3.431344,10.501213
1046,3.121419,10.200246
1047,3.341625,9.799004
1048,3.101728,11.59893
1049,3.150067,11.79861
1050,3.03919,10.099644
1051,3.311909,10.299794
1052,3.058225,10.800978
1053,3.379271,9.20131
1054,3.031233,8.699533
1055,3.180198,9.200492
1056,3.198053,9.000796
1057,3.371496,9.700551
1058,2.93054,9.501121
1059,2.901847,8.899747
1060,3.29037,9.899394
1061,2.718827,9.69866
1062,2.931585,9.099357
1063,3.009003,10.399637
1064,3.160034,10.600023
1065,3.120074,12.000922
1066,2.929592,12.499831
1067,3.210112,9.600285
1068,3.039475,9.900472
1069,2.961531,11.700091
1070,2.999913,11.999498
1071,3.290863,9.399838
1072,2.968326,10.399949
1073,3.07965,10.200111
1074,3.239968,10.999147
1075,3.139997,8.999034
1076,2.929797,8.598697
1077,3.020406,8.99966
1078,3.598902,9.000963
1079,3.340486,10.200744
1080,3.040672,9.598806
1081,2.958885,9.699621
1082,3.021427,10.198935
1083,3.011889,12.998885
1084,3.371258,10.799011
1085,3.368903,9.901148
1086,3.2912,9.201284
1087,2.96188,8.699911
1088,2.78874,10.100643
1089,2.899165,9.501146
1090,3.430392,10.099402
1091,3.148217,9.200008
1092,3.570813,10.200343
1093,3.249331,9.1001
1094,3.20184,10.098664
1095,3.108592,9.501368
1096,3.239888,9.099081
1097,3.500814,9.59879
1098,3.130747,11.598701
1099,3.339798,8.799578
1100,3.339344,8.900447
1101,3.131339,8.998693
1102,3.359022,11.09866
1103,3.338464,10.098854
1104,3.518187,9.999802
1105,3.231876,10.99871
1106,3.36907,11.09935
1107,2.939119,11.800708
1108,3.110567,10.800835
1109,3.300097,12.498969
1110,3.251494,11.600866
1111,3.110196,9.200593
1112,3.091377,10.099093
1113,3.098762,9.701179
1114,3.139227,10.701153
1115,3.800663,10.198758
1116,3.341095,8.999559
1117,3.080364,10.59879
1118,3.339785,9.199158
1119,2.968505,11.00133
1120,3.280013,9.899595
1121,3.380857,9.301086
1122,2.930486,9.701068
1123,3.008248,12.400135
1124,3.070416,10.601302
1125,3.12909,8.79991
1126,3.599603,10.299689
1127,3.218446,12.09979
1128,3.261046,9.099069
1129,3.258327,9.499105
1130,3.311004,9.801084
1131,3.680858,10.499305
1132,3.14866,10.501177
1133,2.850407,10.600118
1134,3.161354,9.200859
1135,2.940957,9.400265
1136,3.628433,10.599006
1137,3.19126,12.400892
1138,3.180024,8.701013
1139,3.119446,9.500384
1140,3.300221,8.801326
1141,3.140853,11.69972
1142,3.42835,11.998872
1143,3.198654,10.300695
1144,3.051223,9.000764
1145,3.191825,12.20086
1146,3.100411,9.499567
1147,3.431053,9.199416
1148,3.269838,11.700101
1149,3.368376,9.600186
1150,2.988683,11.898734
1151,3.271847,10.400871
1152,3.399779,9.899958
1153,3.440505,9.600282
1154,3.238502,11.80085
1155,3.111756,10.700991
1156,3.048605,11.700251
1157,3.011747,11.999608
1158,3.519803,10.599127
1159,3.471819,10.999372
1160,3.228347,12.399448
1161,2.768642,9.400028
1162,2.958956,11.601363
1163,3.401378,9.499336
1164,3.109327,10.999357
1165,3.308285,12.698764
1166,3.091751,9.700325
1167,3.268226,9.700229
1168,3.099982,11.700548
1169,3.091636,11.700601
1170,3.159982,9.700232
1171,3.151301,11.300601
1172,3.170096,12.199988
1173,3.630525,10.300849
1174,3.441648,10.500203
1175,2.979435,10.500368
1176,3.419869,9.800666
1177,3.068214,8.901213
1178,2.961216,9.500807
1179,3.350513,9.700593
1180,3.169308,9.700429
1181,3.050243,8.7987
1182,3.539619,10.400663
1183,3.540563,10.501029
1184,3.238287,9.300683
1185,3.059266,11.499005
1186,3.470594,8.49904
1187,3.529801,10.499477
1188,3.398225,10.401267
1189,3.52846,10.598753
1190,3.080237,8.698676
1191,3.611932,10.20134
1192,3.100153,10.800871
1193,3.289294,10.598776
1194,3.339388,12.600326
1195,3.449747,9.40046
1196,3.231066,9.100781
1197,3.328362,12.200049
1198,2.930055,9.199884
1199,3.109036,9.299233
1200,3.330979,12.599382
1201,3.400988,11.000784
1202,3.249328,12.000978
1203,3.160487,8.800491
1204,3.590651,12.699963
1205,3.10133,11.79962
1206,3.790043,10.201243
1207,3.240187,9.901351
1208,3.249089,9.300783
1209,3.468934,9.301048
1210,3.449811,12.601079
1211,3.439893,8.901044
1212,3.179459,10.29879
1213,3.481353,9.700486
1214,3.210347,12.301073
1215,3.401906,10.499514
1216,2.950454,12.200377
1217,3.470316,10.001243
1218,3.110372,9.600298
1219,3.129339,8.700229
1220,3.429818,11.099311
1221,3.050349,9.39866
1222,3.279096,9.699515
1223,3.418804,9.699131
1224,3.588812,9.200626
1225,3.679484,10.698832
1226,3.590251,10.500062
1227,3.279644,11.498706
1228,3.048974,10.401346
1229,3.300451,12.000154
1230,3.490217,9.600319
1231,3.491571,9.50038
1232,3.501241,10.199401
1233,3.239399,10.399373
1234,3.278545,11.000448
1235,3.061753,11.299935
1236,3.431629,10.70033
1237,3.288044,8.699769
1238,3.169903,11.800315
1239,3.659987,10.298828
1240,3.099633,10.200101
1241,2.959668,12.698812
1242,3.170097,12.699157
1243,3.351482,10.20138
1244,3.471413,9.400357
1245,3.53032,9.200984
1246,2.980836,9.999607
1247,3.39132,9.099133
1248,3.048104,13.298657
1249,3.56149,9.199503
1250,3.271679,11.200052
1251,3.211045,9.400443
1252,3.111567,8.899877
1253,3.479,9.899955
1254,3.169134,11.500348
1255,3.430832,9.799296
1256,3.360454,10.498731
1257,3.448356,10.598965
1258,3.53051,10.800958
1259,3.301555,9.000832
1260,2.890429,9.498935
1261,3.468315,10.299732
1262,2.979141,8.700317
1263,3.249991,10.101089
1264,3.54111,11.59951
1265,3.11056,10.0994
1266,3.240754,10.20103
1267,3.098101,9.800537
1268,3.170473,8.999851
1269,2.970834,11.899916
1270,3.331661,10.000603
1271,3.268904,8.800559
1272,3.318888,11.399483
1273,3.350805,12.29932
1274,3.328706,9.799181
1275,3.068462,9.800637
1276,3.360667,12.301167
1277,3.020387,11.898963
1278,3.2681,10.200079
1279,3.360095,11.500287
1280,3.221115,11.599521
1281,3.380349,9.799747
1282,3.171859,10.698676
1283,3.13153,10.59906
1284,3.248215,11.200009
1285,3.198811,9.50088
1286,3.138114,11.200711
1287,2.951304,10.601176
1288,3.151701,12.29991
1289,3.339884,11.399313
1290,3.331062,10.299469
1291,3.228576,12.101234
1292,3.150319,9.699401
1293,3.398266,12.600348
1294,3.001865,9.000502
1295,3.481267,13.501181
1296,3.231714,9.800633
1297,3.179485,11.699016
1298,3.180465,11.299687
1299,3.200429,11.998755
1300,3.48037,10.600229
1301,3.129646,10.799641
1302,3.119953,10.798921
1303,3.390208,11.998903
1304,3.221572,11.300794
1305,3.340784,8.000489
1306,3.439141,10.400144
1307,3.560432,10.900258
1308,3.298537,10.499501
1309,3.261986,11.698847
1310,3.130736,8.601092
1311,3.100577,12.801192
1312,3.051839,11.599255
1313,3.218494,10.300224
1314,3.701169,10.899167
1315,3.060415,12.901359
1316,3.268843,11.101278
1317,3.039431,10.800312
1318,2.978331,11.201244
1319,3.320438,12.498934
1320,3.38814,9.300414
1321,3.398251,12.898769
1322,3.201007,11.199035
1323,3.000874,12.599951
1324,3.410712,12.900325
1325,3.189249,11.898754
1326,2.930455,10.299653
1327,2.919267,10.301231
1328,3.059445,11.199244
1329,3.178194,12.000486
1330,3.02866,12.900881
1331,3.111466,11.201113
1332,3.198285,10.698819
1333,3.279035,11.300087
1334,3.258332,11.499554
1335,3.258962,8.798907
1336,3.219756,8.901259
1337,3.738793,10.00097
1338,3.0305,10.899623
1339,3.151957,12.001331
1340,3.220591,12.299575
1341,3.059375,10.500295
1342,3.161023,9.900346
1343,3.130794,10.298641
1344,3.080424,12.400213
1345,3.261393,12.79887
1346,3.378888,11.801067
1347,3.180725,12.600131
1348,3.370563,11.898708
1349,3.421706,9.200245
1350,3.178298,12.100811
1351,3.181316,11.199126
1352,2.929399,12.000975
1353,3.800828,10.798922
1354,3.308219,13.099549
1355,3.078132,12.501125
1356,3.391631,11.69927
1357,3.049831,12.201376
1358,3.220071,13.49941
1359,3.130595,10.89872
1360,3.339955,10.801321
1361,3.029411,8.899719
1362,3.309618,12.999335
1363,2.908925,9.299975
1364,3.500463,9.900314
1365,3.058377,12.400208
1366,3.378686,11.50124
1367,3.209706,11.300529
1368,3.098316,10.898838
1369,3.148188,10.900829
1370,3.500395,11.700524
1371,3.041001,9.998679
1372,3.079723,11.898675
1373,3.568981,10.599673
1374,3.571255,12.200069
1375,3.179553,12.299893
1376,3.139167,12.300784
1377,3.651066,11.998814
1378,3.211204,10.699943
1379,2.968395,9.299716
1380,3.369774,12.7002
1381,2.931044,10.698762
1382,2.989553,11.800372
1383,3.228691,13.400504
1384,3.121006,12.800833
1385,3.040281,10.49966
1386,2.94959,12.999271
1387,3.148668,11.698837
1388,3.311388,9.000445
1389,3.271517,11.899297
1390,3.311335,11.399042
1391,3.308751,10.799068
1392,3.198307,13.500214
1393,3.191627,10.700312
1394,3.009526,10.798909
1395,3.460512,10.498884
1396,3.130938,12.999406
1397,3.29822,11.900778
1398,2.979787,11.998648
1399,3.109371,10.599696
1400,3.33193,13.999477
1401,3.358031,11.001058
1402,3.369022,10.000902
1403,2.799445,12.000423
1404,3.011646,11.698654
1405,2.839728,13.19976
1406,3.069423,11.000414
1407,3.079517,12.999268
1408,3.769533,10.601309
1409,3.550794,13.001121
1410,3.038277,9.001213
1411,2.931145,11.499151
1412,3.108235,9.900802
1413,3.121593,10.400678
1414,3.058686,9.899181
1415,2.991639,12.198676
1416,3.15058,12.399158
1417,3.279719,10.400186
1418,3.109528,10.899823
1419,3.029156,12.50135
1420,3.021619,11.298905
1421,3.071767,13.300139
1422,3.35826,12.999445
1423,3.199958,11.798823
1424,3.048173,10.699159
1425,2.988431,11.400079
1426,3.019083,11.799001
1427,3.340432,10.599528
1428,3.761138,10.99906
1429,2.990018,10.499423
1430,3.200267,10.499
1431,3.261626,9.400395
1432,3.250831,9.399264
1433,2.948548,9.199605
1434,3.089259,9.901162
1435,3.108443,11.898846
1436,3.11064,11.700848
1437,3.531377,9.600672
1438,2.980058,10.399792
1439,3.19882,11.899494
1440,3.181088,12.500278
1441,3.15968,13.40005
1442,3.129709,12.700593
1443,2.898227,10.499842
1444,3.190481,10.399449
1445,2.949324,9.000914
1446,3.179897,9.800969
1447,3.159778,12.400677
1448,2.921401,11.300284
1449,3.048754,8.59921
1450,2.959876,12.099651
1451,3.31838,11.999506
1452,3.4613,11.898714
1453,3.251745,13.698765
1454,2.941368,12.299614
1455,3.161981,11.898839
1456,2.848416,9.999233
1457,3.251886,11.699773
1458,2.969896,12.200355
1459,2.910843,10.698885
1460,3.001245,11.19889
1461,3.09961,11.901358
1462,3.0802,12.899608
1463,3.088829,10.800167
1464,3.351161,12.899368
1465,3.461737,12.199544
1466,3.061207,10.300824
1467,3.079939,11.000116
1468,3.691282,11.701327
1469,3.111381,8.799626
1470,3.260945,8.900454
1471,3.501601,11.199856
1472,3.231252,8.799979
1473,3.379107,13.99941
1474,3.029437,13.099329
1475,3.080289,12.701009
1476,3.149088,12.899305
1477,3.208903,12.099231
1478,3.048082,12.499846
1479,3.020509,10.700497
1480,2.939312,12.000912
1481,2.998686,12.398858
1482,2.998632,10.499995
1483,3.239389,12.300243
1484,2.93029,11.9004
1485,3.140634,11.399783
1486,3.238666,12.800088
1487,3.060553,11.600636
1488,3.258535,11.000012
1489,2.959453,12.498622
1490,3.221098,12.800163
1491,3.331667,9.100268
1492,3.111756,12.399861
1493,3.089028,10.901001
1494,3.25199,11.799735
1495,3.01123,10.600514
1496,3.339559,12.300667
1497,2.971205,11.100867
1498,2.99977,9.898752
1499,3.268692,12.798829
1500,2.930017,12.900095
1501,3.100563,12.899257
1502,3.221718,11.199407
1503,3.111178,13.300351
1504,3.479618,10.999952
1505,2.961529,9.401259
1506,2.981668,11.500139
1507,3.140175,12.500147
1508,3.181551,11.900232
1509,3.258917,10.399105
1510,3.10807,12.499281
1511,3.179058,10.998704
1512,3.088267,9.799036
1513,3.098127,12.600301
1514,3.189668,13.399499
1515,3.038424,11.599804
1516,3.179648,11.098896
1517,3.08006,9.899224
1518,3.061911,12.600749
1519,3.210145,13.001113
1520,3.418507,7.998624
1521,3.11139,11.800772
1522,3.211017,10.199798
1523,3.318385,12.700834
1524,3.080791,11.298712
1525,3.451423,10.899485
1526,3.230868,12.199504
1527,3.068002,10.100155
1528,2.930896,9.400441
1529,2.908031,12.198665
1530,3.060672,10.900356
1531,3.14025,9.40037
1532,3.169984,12.89892
1533,2.908204,11.999098
1534,3.168519,9.199434
1535,3.341314,11.800456
1536,3.000551,12.299824
1537,3.270871,13.500274
1538,2.901667,11.000786
1539,3.221029,12.89907
1540,3.540024,11.101318
1541,3.09037,12.699494
1542,3.060014,10.39892
1543,3.290269,12.700763
1544,3.480062,12.500384
1545,3.140175,12.001022
1546,3.15895,11.601328
1547,3.119802,12.600645
1548,3.429299,10.399242
1549,3.301042,11.49887
1550,2.99848,9.499108
1551,3.121631,10.60139
1552,3.020649,12.400547
1553,3.311528,11.801375
1554,3.168767,11.29951
1555,3.04815,11.300294
1556,3.139009,11.499688
1557,2.979101,12.298979
1558,3.079365,13.200197
1559,2.978538,13.199325
1560,3.000721,11.398626
1561,3.27878,12.101172
1562,3.250905,10.599808
1563,2.951648,12.60127
1564,2.979067,12.400162
1565,2.92957,12.29976
1566,3.18876,10.299414
1567,3.390468,9.501396
1568,2.941772,11.198942
1569,2.871571,11.400916
1570,3.161067,12.89921
1571,3.010712,8.499894
1572,3.238706,12.699933
1573,2.981206,13.098657
1574,3.350642,9.101353
1575,3.341382,9.099445
1576,3.04974,12.898869
1577,2.951871,12.499276
1578,3.099771,11.398652
1579,3.1083,9.099587
1580,3.239861,11.401156
1581,3.19097,12.101136
1582,3.291649,12.999394
1583,2.898597,12.201324
1584,3.059636,10.600696
1585,3.410249,11.099809
1586,3.359946,13.899676
1587,3.241702,12.899278
1588,3.259068,12.899284
1589,3.250817,12.901018
1590,3.199177,12.599723
1591,3.041731,13.399739
1592,3.051584,11.801356
1593,3.220607,13.098851
1594,3.218817,13.400721
1595,3.059612,13.001311
1596,3.068177,11.70093
1597,3.031687,11.699583
1598,3.088389,11.19881
1599,3.141381,11.599967
1600,3.298002,11.299336
1601,3.180264,13.40002
1602,3.331241,11.500639
1603,3.361986,10.901371
1604,3.190573,13.501302
1605,3.490548,11.000875
1606,2.989459,12.99894
1607,2.931698,13.600358
1608,3.250208,13.298731
1609,3.078593,13.699361
1610,3.260095,13.100631
1611,3.030118,12.700595
1612,2.980729,13.000102
1613,3.159818,11.19952
1614,3.410191,11.001374
1615,2.919281,11.099543
1616,3.659871,12.19975
1617,3.009742,11.799095
1618,3.11181,12.901341
1619,2.860706,9.000489
1620,2.989558,11.199664
1621,3.069647,11.298669
1622,3.17915,10.099755
1623,3.351092,10.701294
1624,3.12015,12.099766
1625,3.001249,11.898721
1626,3.590836,12.30089
1627,3.150052,12.600792
1628,2.911345,9.199555
1629,3.209891,11.399901
1630,3.068054,10.70055
1631,3.241836,12.500262
1632,3.118934,10.999804
1633,3.120097,11.400861
1634,3.158877,11.300847
1635,2.898502,12.599228
1636,2.900035,11.099919
1637,2.921451,10.398864
1638,3.10992,13.000981
1639,3.198854,13.200269
1640,3.158684,13.000724
1641,3.500715,10.000815
1642,3.269001,12.900536
1643,3.069545,11.201003
1644,3.408306,12.701072
1645,2.960298,12.998824
1646,3.309723,13.598898
1647,3.098446,8.698751
1648,3.058306,12.499255
1649,3.10859,11.300664
1650,3.129709,12.59904
1651,2.981693,11.399306
1652,3.229579,12.601064
1653,3.301059,13.598729
1654,2.828503,9.999155
1655,3.468737,9.100292
1656,3.348963,11.899717
1657,3.169318,12.100796
1658,3.359519,13.500792
1659,3.080508,11.601376
1660,3.210443,12.500706
1661,3.389405,8.600735
1662,2.96166,8.998972
1663,3.279565,9.999557
1664,3.288323,10.699103
1665,3.391865,13.400088
1666,3.161556,11.099326
1667,2.789325,10.900689
1668,3.029854,11.499014
1669,3.031487,12.000158
1670,3.26142,13.49927
1671,3.110315,12.301158
1672,3.20113,12.699241
1673,3.460915,13.200887
1674,3.029895,10.398715
1675,2.990337,10.299606
1676,2.961719,10.198813
1677,3.129553,11.101218
1678,3.281196,12.899388
1679,3.17186,12.499655
1680,3.258248,12.999083
1681,3.218265,11.501377
1682,3.148692,13.200775
1683,3.45883,11.499627
1684,2.831626,9.601374
1685,3.160304,8.400949
1686,2.958617,10.99884
1687,3.409714,13.699401
1688,3.401229,12.499051
1689,3.549515,12.098822
1690,3.461926,10.299905
1691,3.271496,12.701213
1692,3.158169,10.098955
1693,3.250344,13.001375
1694,3.238794,13.099247
1695,2.908658,8.998965
1696,3.119612,11.101376
1697,3.09933,8.899593
1698,3.06024,12.199355
1699,3.131511,12.50004
1700,3.231952,10.400393
1701,2.990963,10.398961
1702,3.099412,11.501322
1703,3.210887,14.001237
1704,3.088225,12.800384
1705,3.170149,13.60111
1706,3.169747,11.098915
1707,3.118112,14.201007
1708,3.001649,13.200117
1709,2.949145,10.099412
1710,2.829247,10.299508
1711,3.029111,12.100844
1712,3.139182,13.300547
1713,3.440406,10.298799
1714,2.878373,11.998893
1715,2.878568,11.200204
1716,3.239891,10.299367
1717,3.111052,12.001118
1718,3.171022,13.001095
1719,3.38877,11.801176
1720,2.971634,8.800142
1721,3.091714,13.000394
1722,3.299228,11.401272
1723,2.899937,12.099019
1724,3.069857,11.0993
1725,3.059745,12.30117
1726,3.041444,12.599298
1727,2.980836,8.499074
1728,3.059578,8.399882
1729,3.181071,10.40031
1730,3.201903,12.198879
1731,2.900732,8.699461
1732,2.939317,9.00006
1733,3.148722,11.200616
1734,3.070093,9.700063
1735,3.420863,12.498883
1736,3.161935,11.799824
1737,2.960321,12.000468
1738,3.188657,8.498953
1739,3.120046,9.699332
1740,3.148653,9.598693
1741,2.861143,8.899095
1742,3.30913,11.701319
1743,3.040377,12.298908
1744,3.750463,11.299438
1745,3.06941,11.999388
1746,3.049465,11.19951
1747,3.629351,11.301291
1748,3.461639,12.799623
1749,3.251818,10.698627
1750,3.221312,10.899793
1751,3.188425,9.599396
1752,3.099407,13.900776
1753,3.098162,12.500846
1754,3.169288,12.000633
1755,3.318034,12.400583
1756,2.921632,9.301377
1757,3.199973,11.100377
1758,2.958907,11.100055
1759,3.190399,12.299575
1760,3.320553,11.299396
1761,2.941176,13.401139
1762,3.289428,12.899809
1763,3.290712,11.799194
1764,3.238452,8.799352
1765,2.918293,12.198858
1766,3.25957,12.100711
1767,3.509202,11.200173
1768,3.439775,10.10125
1769,2.941963,9.999595
1770,3.068816,12.09974
1771,3.079248,10.099587
1772,3.069334,12.301183
1773,3.480255,11.198973
1774,3.751801,12.399302
1775,3.560411,13.000262
1776,3.231508,10.498941
1777,2.86811,9.7009
1778,3.438811,12.400231
1779,3.009769,9.499665
1780,3.050819,10.000718
1781,3.331927,11.800365
1782,3.200323,11.939525
1783,3.119895,12.893274
1784,2.999677,12.199841
1785,3.001159,10.599369
1786,2.888274,11.465373
1787,3.230859,10.979303
1788,3.038798,10.032688
1789,3.441848,11.30033
1790,2.820806,13.200468
1791,3.179814,10.698775
1792,3.111535,11.434256
1793,3.251396,10.533699
1794,3.180947,9.533543
1795,3.221723,12.001091
1796,2.991548,10.932842
1797,2.858363,9.099686
1798,2.979433,10.900089
1799,3.020517,9.599221
1800,3.049267,11.366893
1801,3.019634,9.399919
1802,3.210013,11.334492
1803,3.311549,11.065323
1804,3.221362,12.199251
1805,3.021772,12.100538
1806,3.168663,12.300039
1807,3.190485,9.734465
1808,3.171319,12.800373
1809,2.919278,11.049137
1810,3.110859,9.734172
1811,3.22939,13.099312
1812,3.108592,9.748666
1813,3.211821,13.200832
1814,3.238068,11.33267
1815,3.36077,11.898809
1816,3.238023,11.350888
1817,3.391017,11.299758
1818,3.480774,13.099828
1819,3.001853,9.401236
1820,3.241823,12.999775
1821,3.271179,10.600954
1822,3.760988,11.299286
1823,3.109755,12.701123
1824,3.180118,12.399863
1825,3.231729,9.550647
1826,3.47104,11.201098
1827,3.199394,11.700687
1828,2.969155,13.099687
1829,3.080847,11.999129
1830,3.359166,10.550691
1831,3.038488,11.450979
1832,3.179526,10.200665
1833,3.269034,12.201214
1834,3.261569,14.048752
1835,3.028661,10.699528
1836,3.400581,12.332747
1837,3.239283,13.401142
1838,3.00037,9.799391
1839,3.319943,12.298805
1840,3.131284,12.399178
1841,2.991013,10.899096
1842,3.131,11.049525
1843,3.258883,12.749458
1844,3.360304,12.700678
1845,3.048097,11.098758
1846,3.388011,10.499901
1847,3.380056,10.901188
1848,3.341165,10.699625
1849,3.331782,13.79951
1850,3.108807,12.150863
1851,3.658829,10.800269
1852,3.200771,13.04903
1853,3.098777,12.399193
1854,2.858781,9.301
1855,3.411055,11.799156
1856,3.119648,11.598604
1857,3.25962,11.098937
1858,3.218306,11.100216
1859,3.010592,10.998914
1860,3.320539,12.901056
1861,3.150854,10.699116
1862,2.998776,10.199223
1863,2.799652,10.998874
1864,3.109451,11.499648
1865,3.140172,10.99904
1866,3.261986,11.268046
1867,3.359266,13.401134
1868,3.180237,10.900145
1869,3.248781,9.999748
1870,3.27851,10.566539
1871,3.04121,11.733397
1872,3.040862,11.751295
1873,3.008455,11.400531
1874,3.369777,12.40067
1875,3.320042,13.09966
1876,3.291571,10.649654
1877,3.361544,11.4004
1878,3.088155,10.966177
1879,3.088199,10.999806
1880,3.211937,13.400991
1881,2.868589,11.19888
1882,3.269632,12.401242
1883,3.319099,10.133724
1884,3.321843,10.150947
1885,3.469752,10.467755
1886,3.349784,11.632535
1887,3.290647,13.100528
1888,3.43931,11.448823
1889,2.879007,8.998735
1890,3.380873,8.800907
1891,3.130349,12.900048
1892,3.33164,10.900711
1893,3.028322,11.79882
1894,3.400165,10.80094
1895,3.348631,12.701023
1896,3.108428,12.248626
1897,3.491026,12.20065
1898,3.269583,10.699654
1899,3.239264,11.850481
1900,3.338152,11.699832
1901,3.55131,10.149191
1902,3.33047,11.633461
1903,3.329563,11.651004
1904,3.67065,10.000482
1905,3.118602,12.399513
1906,3.180296,13.599443
1907,2.979142,11.80113
1908,3.468487,11.898607
1909,3.309909,11.748719
1910,3.320121,10.098942
1911,3.161398,12.299171
1912,2.968618,10.550028
1913,3.570756,12.800253
1914,3.151421,13.55086
1915,3.531754,13.79899
1916,3.310897,12.299901
1917,3.109739,10.399388
1918,2.910423,10.999504
1919,3.188525,10.898773
1920,3.201037,13.69942
1921,2.908415,10.599365
1922,3.240607,13.132185
1923,3.189233,11.000582
1924,3.488404,10.899742
1925,3.470749,10.599126
1926,3.518411,11.600255
1927,3.280223,11.949988
1928,3.438027,11.100644
1929,3.279272,11.900349
1930,3.101667,12.065872
1931,2.900073,8.999003
1932,3.30829,11.549935
1933,3.200189,13.300148
1934,3.298752,9.632256
1935,3.058727,13.600553
1936,3.270981,12.999121
1937,3.151977,11.449249
1938,3.369998,12.050874
1939,3.329646,11.899778
1940,3.360009,11.598766
1941,3.250562,8.799908
1942,3.150512,9.532326
1943,3.268046,11.498794
1944,3.148761,9.551204
1945,3.21014,12.149545
1946,3.04094,12.99879
1947,3.258256,11.799144
